{
  "Softmax": {
    "train_loss": [
      3.16112987987988,
      2.3368055555555554,
      2.1553115615615615,
      2.096799924924925,
      2.08422484984985
    ],
    "val_loss": [
      2.4448529411764706,
      2.1626838235294117,
      2.0443474264705883,
      2.014935661764706,
      2.010110294117647
    ],
    "val_ppl": [
      11.528854054455634,
      8.694440718400807,
      7.7241163390251115,
      7.500244813163788,
      7.46414055271726
    ],
    "config": {
      "hidden_size": 256,
      "num_layers": 4,
      "num_heads": 4
    }
  },
  "Flash": {
    "train_loss": [
      3.1651182432432434,
      2.354542042042042,
      2.1721565315315314,
      2.1144894894894897,
      2.1034628378378377
    ],
    "val_loss": [
      2.446231617647059,
      2.1888786764705883,
      2.063419117647059,
      2.033547794117647,
      2.0307904411764706
    ],
    "val_ppl": [
      11.544759576038171,
      8.9251994653125,
      7.872842017595436,
      7.641147544948896,
      7.620107225416126
    ],
    "config": {
      "hidden_size": 256,
      "num_layers": 4,
      "num_heads": 4
    }
  },
  "Linear": {
    "train_loss": [
      3.150807057057057,
      2.435810810810811,
      2.383399024024024,
      2.356371996996997,
      2.3488644894894897
    ],
    "val_loss": [
      2.4613970588235294,
      2.3984375,
      2.3529411764705883,
      2.3377757352941178,
      2.333639705882353
    ],
    "val_ppl": [
      11.72117527811138,
      11.005966116567095,
      10.516455032989137,
      10.35817160543638,
      10.315418378274025
    ],
    "config": {
      "hidden_size": 256,
      "num_layers": 4,
      "num_heads": 4
    }
  },
  "GatedDeltaNet": {
    "train_loss": [
      3.0707347972972974,
      1.5403997747747749,
      1.4123733108108107,
      1.3721846846846846,
      1.3610407282282282
    ],
    "val_loss": [
      1.6613051470588236,
      1.4524356617647058,
      1.404641544117647,
      1.3915441176470589,
      1.3908547794117647
    ],
    "val_ppl": [
      5.266179499854659,
      4.273510675817916,
      4.074066106535628,
      4.021054242577916,
      4.018283331299586
    ],
    "config": {
      "hidden_size": 128,
      "num_layers": 4,
      "num_heads": 4
    }
  }
}