attention,perplexity,final_train_loss
Standard,11840.948113520924,9.37375
Flash,11808.366690646904,9.375
Linear,11790.63280786482,9.374375
GatedDeltaNet,11870.645593046123,9.374375
